epoch,loss,val_loss
0,1.4896801710128784,3.4507710933685303
1,1.2307697534561157,1.6392558813095093
2,1.20460045337677,3.399225950241089
