epoch,loss,val_loss
0,2.425133466720581,1.6185805797576904
1,1.5805648565292358,1.414014220237732
2,1.449676752090454,1.4088642597198486
