epoch,loss,val_loss
0,1.1054433584213257,1.0093120336532593
1,1.035986304283142,1.026940941810608
2,1.147047519683838,1.4906857013702393
